Travel;Two;It's Only the Himalayas;£45.17;In stock
Travel;Four;Full Moon over Noah’s Ark: An Odyssey to Mount Ararat and Beyond;£49.43;In stock
Travel;Three;See America: A Celebration of Our National Parks & Treasured Sites;£48.87;In stock
Travel;Two;Vagabonding: An Uncommon Guide to the Art of Long-Term World Travel;£36.94;In stock
Travel;Three;Under the Tuscan Sun;£37.33;In stock
Travel;Two;A Summer In Europe;£44.34;In stock
Travel;One;The Great Railway Bazaar;£30.54;In stock
Travel;Four;A Year in Provence (Provence #1);£56.88;In stock
Travel;One;The Road to Little Dribbling: Adventures of an American in Britain (Notes From a Small Island #2);£23.21;In stock
Travel;Three;Neither Here nor There: Travels in Europe;£38.95;In stock
Travel;Five;1,000 Places to See Before You Die;£26.08;In stock
Mystery;Four;Sharp Objects;£47.82;In stock
Mystery;One;In a Dark, Dark Wood;£19.63;In stock
Mystery;Four;The Past Never Ends;£56.50;In stock
Mystery;One;A Murder in Time;£16.64;In stock
Mystery;Four;The Murder of Roger Ackroyd (Hercule Poirot #4);£44.10;In stock
Mystery;Two;The Last Mile (Amos Decker #2);£54.21;In stock
Mystery;One;That Darkness (Gardiner and Renner #1);£13.92;In stock
Mystery;One;Tastes Like Fear (DI Marnie Rome #3);£10.69;In stock
Mystery;Five;A Time of Torment (Charlie Parker #14);£48.35;In stock
Mystery;Two;A Study in Scarlet (Sherlock Holmes #1);£16.73;In stock
Mystery;Three;Poisonous (Max Revere Novels #3);£26.80;In stock
Mystery;Four;Murder at the 42nd Street Library (Raymond Ambler #1);£54.36;In stock
Mystery;Three;Most Wanted;£35.28;In stock
Mystery;One;Hide Away (Eve Duncan #20);£11.84;In stock
Mystery;Three;Boar Island (Anna Pigeon #19);£59.48;In stock
Mystery;Two;The Widow;£27.26;In stock
Mystery;Three;Playing with Fire;£13.71;In stock
Mystery;Five;What Happened on Beale Street (Secrets of the South Mysteries #2);£25.37;In stock
Mystery;Five;The Bachelor Girl's Guide to Murder (Herringford and Watts Mysteries #1);£52.30;In stock
Mystery;Four;Delivering the Truth (Quaker Midwife Mystery #1);£20.89;In stock
Mystery;Four;The Mysterious Affair at Styles (Hercule Poirot #1);£24.80;In stock
Mystery;Two;In the Woods (Dublin Murder Squad #1);£38.38;In stock
Mystery;Five;The Silkworm (Cormoran Strike #2);£23.05;In stock
Mystery;Three;The Exiled;£43.45;In stock
Mystery;One;The Cuckoo's Calling (Cormoran Strike #1);£19.21;In stock
Mystery;Three;Extreme Prey (Lucas Davenport #26);£25.40;In stock
Mystery;Two;Career of Evil (Cormoran Strike #3);£24.72;In stock
Mystery;Four;The No. 1 Ladies' Detective Agency (No. 1 Ladies' Detective Agency #1);£57.70;In stock
Mystery;Five;The Girl You Lost;£12.29;In stock
Mystery;Three;The Girl In The Ice (DCI Erika Foster #1);£15.85;In stock
Mystery;Three;Blood Defense (Samantha Brinkman #1);£20.30;In stock
Mystery;One;1st to Die (Women's Murder Club #1);£53.98;In stock
HistoricalFiction;One;Tipping the Velvet;£53.74;In stock
HistoricalFiction;Three;Forever and Forever: The Courtship of Henry Longfellow and Fanny Appleton;£29.69;In stock
HistoricalFiction;Five;A Flight of Arrows (The Pathfinders #2);£55.53;In stock
HistoricalFiction;One;The House by the Lake;£36.95;In stock
HistoricalFiction;Five;Mrs. Houdini;£30.25;In stock
HistoricalFiction;Four;The Marriage of Opposites;£28.08;In stock
HistoricalFiction;Three;Glory over Everything: Beyond The Kitchen House;£45.84;In stock
HistoricalFiction;Two;Love, Lies and Spies;£20.55;In stock
HistoricalFiction;Four;A Paris Apartment;£39.01;In stock
HistoricalFiction;Two;Lilac Girls;£17.28;In stock
HistoricalFiction;Three;The Constant Princess (The Tudor Court #1);£16.62;In stock
HistoricalFiction;One;The Invention of Wings;£37.34;In stock
HistoricalFiction;Four;World Without End (The Pillars of the Earth #2);£32.97;In stock
HistoricalFiction;Five;The Passion of Dolssa;£28.32;In stock
HistoricalFiction;One;Girl With a Pearl Earring;£26.77;In stock
HistoricalFiction;Five;Voyager (Outlander #3);£21.07;In stock
HistoricalFiction;Five;The Red Tent;£35.66;In stock
HistoricalFiction;Two;The Last Painting of Sara de Vos;£55.55;In stock
HistoricalFiction;One;The Guernsey Literary and Potato Peel Pie Society;£49.53;In stock
HistoricalFiction;Two;Girl in the Blue Coat;£46.83;In stock
HistoricalFiction;Five;Between Shades of Gray;£20.79;In stock
HistoricalFiction;Five;While You Were Mine;£41.32;In stock
HistoricalFiction;Three;The Secret Healer;£34.56;In stock
HistoricalFiction;Three;Starlark;£25.83;In stock
HistoricalFiction;Four;Lost Among the Living;£27.70;In stock
HistoricalFiction;Five;A Spy's Devotion (The Regency Spies of London #1);£16.97;In stock
SequentialArt;Five;Scott Pilgrim's Precious Little Life (Scott Pilgrim #1);£52.29;In stock
SequentialArt;One;Tsubasa: WoRLD CHRoNiCLE 2 (Tsubasa WoRLD CHRoNiCLE #2);£16.28;In stock
SequentialArt;Four;This One Summer;£19.49;In stock
SequentialArt;Four;The Nameless City (The Nameless City #1);£38.16;In stock
SequentialArt;Two;Saga, Volume 5 (Saga (Collected Editions) #5);£51.04;In stock
SequentialArt;Three;Rat Queens, Vol. 3: Demons (Rat Queens (Collected Editions) #11-15);£50.40;In stock
SequentialArt;Five;Princess Jellyfish 2-in-1 Omnibus, Vol. 01 (Princess Jellyfish 2-in-1 Omnibus #1);£13.61;In stock
SequentialArt;One;Pop Gun War, Volume 1: Gift;£18.97;In stock
SequentialArt;Three;Patience;£10.16;In stock
SequentialArt;Four;Outcast, Vol. 1: A Darkness Surrounds Him (Outcast #1);£15.44;In stock
SequentialArt;One;orange: The Complete Collection 1 (orange: The Complete Collection #1);£48.41;In stock
SequentialArt;Two;Lumberjanes, Vol. 2: Friendship to the Max (Lumberjanes #5-8);£46.91;In stock
SequentialArt;Three;Lumberjanes, Vol. 1: Beware the Kitten Holy (Lumberjanes #1-4);£45.61;In stock
SequentialArt;Two;Lumberjanes Vol. 3: A Terrible Plan (Lumberjanes #9-12);£19.92;In stock
SequentialArt;Two;I Hate Fairyland, Vol. 1: Madly Ever After (I Hate Fairyland (Compilations) #1-5);£29.17;In stock
SequentialArt;Three;I am a Hero Omnibus Volume 1;£54.63;In stock
SequentialArt;Two;Giant Days, Vol. 2 (Giant Days #5-8);£22.11;In stock
SequentialArt;Four;Danganronpa Volume 1;£51.99;In stock
SequentialArt;Four;Codename Baboushka, Volume 1: The Conclave of Death;£36.72;In stock
SequentialArt;Four;Camp Midnight;£17.08;In stock
SequentialArt;Two;Bitch Planet, Vol. 1: Extraordinary Machine (Bitch Planet (Collected Editions));£37.92;In stock
SequentialArt;One;The Shadow Hero (The Shadow Hero);£33.14;In stock
SequentialArt;Four;Fables, Vol. 1: Legends in Exile (Fables #1);£41.62;In stock
SequentialArt;Two;Batman: The Long Halloween (Batman);£36.50;In stock
SequentialArt;Five;Batman: The Dark Knight Returns (Batman);£15.38;In stock
SequentialArt;Four;Wonder Woman: Earth One, Volume One (Wonder Woman: Earth One #1);£37.34;In stock
SequentialArt;One;We Are Robin, Vol. 1: The Vigilante Business (We Are Robin #1);£53.90;In stock
SequentialArt;Two;Through the Woods;£25.38;In stock
SequentialArt;Five;Superman Vol. 1: Before Truth (Superman by Gene Luen Yang #1);£11.89;In stock
SequentialArt;Four;So Cute It Hurts!!, Vol. 6 (So Cute It Hurts!! #6);£35.43;In stock
SequentialArt;Three;Robin War;£47.82;In stock
SequentialArt;Two;Red Hood/Arsenal, Vol. 1: Open for Business (Red Hood/Arsenal #1);£25.48;In stock
SequentialArt;Two;Naruto (3-in-1 Edition), Vol. 14: Includes Vols. 40, 41 & 42 (Naruto: Omnibus #14);£38.39;In stock
SequentialArt;Two;Lowriders to the Center of the Earth (Lowriders in Space #2);£51.51;In stock
SequentialArt;Five;El Deafo;£57.62;In stock
SequentialArt;Two;Batman: Europa;£32.01;In stock
SequentialArt;Three;Art Ops Vol. 1;£48.80;In stock
SequentialArt;Two;"Adulthood Is a Myth: A ""Sarah's Scribbles"" Collection";£10.90;In stock
SequentialArt;Four;Fruits Basket, Vol. 9 (Fruits Basket #9);£33.95;In stock
SequentialArt;Five;Roller Girl;£14.10;In stock
SequentialArt;One;Fruits Basket, Vol. 7 (Fruits Basket #7);£19.57;In stock
SequentialArt;Four;Fruits Basket, Vol. 6 (Fruits Basket #6);£20.96;In stock
SequentialArt;Three;Death Note, Vol. 6: Give-and-Take (Death Note #6);£36.39;In stock
SequentialArt;One;Fruits Basket, Vol. 5 (Fruits Basket #5);£16.33;In stock
SequentialArt;One;Death Note, Vol. 5: Whiteout (Death Note #5);£52.41;In stock
SequentialArt;Two;The Demon Prince of Momochi House, Vol. 4 (The Demon Prince of Momochi House #4);£27.88;In stock
SequentialArt;Four;Fruits Basket, Vol. 4 (Fruits Basket #4);£50.44;In stock
SequentialArt;Three;The Wicked + The Divine, Vol. 3: Commercial Suicide (The Wicked + The Divine);£14.41;In stock
SequentialArt;Five;The Sandman, Vol. 3: Dream Country (The Sandman (volumes) #3);£55.55;In stock
SequentialArt;Five;Saga, Volume 3 (Saga (Collected Editions) #3);£21.57;In stock
SequentialArt;Three;Prodigy: The Graphic Novel (Legend: The Graphic Novel #2);£43.63;In stock
SequentialArt;One;Persepolis: The Story of a Childhood (Persepolis #1-2);£39.13;In stock
SequentialArt;Three;Original Fake;£31.45;In stock
SequentialArt;One;Grayson, Vol 3: Nemesis (Grayson #3);£42.72;In stock
SequentialArt;Two;Fruits Basket, Vol. 3 (Fruits Basket #3);£45.17;In stock
SequentialArt;One;Black Butler, Vol. 1 (Black Butler #1);£49.31;In stock
SequentialArt;Two;Awkward;£38.02;In stock
SequentialArt;One;The Sandman, Vol. 2: The Doll's House (The Sandman (volumes) #2);£54.81;In stock
SequentialArt;Three;Saga, Volume 2 (Saga (Collected Editions) #2);£11.75;In stock
SequentialArt;Five;Fruits Basket, Vol. 2 (Fruits Basket #2);£11.64;In stock
SequentialArt;Four;Y: The Last Man, Vol. 1: Unmanned (Y: The Last Man #1);£18.51;In stock
SequentialArt;Two;The Wicked + The Divine, Vol. 1: The Faust Act (The Wicked + The Divine);£36.52;In stock
SequentialArt;Three;The Sandman, Vol. 1: Preludes and Nocturnes (The Sandman (volumes) #1);£54.12;In stock
SequentialArt;Three;The Complete Maus (Maus #1-2);£10.64;In stock
SequentialArt;Three;Skip Beat!, Vol. 01 (Skip Beat! #1);£42.12;In stock
SequentialArt;One;Saga, Volume 1 (Saga (Collected Editions) #1);£28.48;In stock
SequentialArt;Five;Rat Queens, Vol. 1: Sass & Sorcery (Rat Queens (Collected Editions) #1-5);£46.96;In stock
SequentialArt;Four;Paper Girls, Vol. 1 (Paper Girls #1-5);£21.71;In stock
SequentialArt;Three;Ouran High School Host Club, Vol. 1 (Ouran High School Host Club #1);£29.87;In stock
SequentialArt;Four;Ms. Marvel, Vol. 1: No Normal (Ms. Marvel (2014-2015) #1);£39.39;In stock
SequentialArt;Three;Hawkeye, Vol. 1: My Life as a Weapon (Hawkeye #1);£45.24;In stock
SequentialArt;Four;Giant Days, Vol. 1 (Giant Days #1-4);£56.76;In stock
SequentialArt;Five;Fruits Basket, Vol. 1 (Fruits Basket #1);£40.28;In stock
SequentialArt;Five;Bleach, Vol. 1: Strawberry and the Soul Reapers (Bleach #1);£34.65;In stock
SequentialArt;Four;Ajin: Demi-Human, Volume 1 (Ajin: Demi-Human #1);£57.06;In stock
Classics;Four;The Secret Garden;£15.08;In stock
Classics;One;The Metamorphosis;£28.58;In stock
Classics;Two;The Pilgrim's Progress;£50.26;In stock
Classics;Two;The Hound of the Baskervilles (Sherlock Holmes #5);£14.82;In stock
Classics;Four;Little Women (Little Women #1);£28.07;In stock
Classics;Three;Gone with the Wind;£32.49;In stock
Classics;Three;Candide;£58.63;In stock
Classics;Three;Animal Farm;£57.22;In stock
Classics;Three;Wuthering Heights;£17.73;In stock
Classics;Two;The Picture of Dorian Gray;£29.70;In stock
Classics;Four;The Complete Stories and Poems (The Works of Edgar Allan Poe [Cameo Edition]);£26.78;In stock
Classics;Two;Beowulf;£38.35;In stock
Classics;Two;And Then There Were None;£35.01;In stock
Classics;Four;The Story of Hong Gildong;£43.19;In stock
Classics;Two;The Little Prince;£45.42;In stock
Classics;One;Sense and Sensibility;£37.46;In stock
Classics;Two;Of Mice and Men;£47.11;In stock
Classics;Two;Emma;£32.93;In stock
Classics;One;Alice in Wonderland (Alice's Adventures in Wonderland #1);£55.53;In stock
Philosophy;Five;Sophie's World;£15.94;In stock
Philosophy;Four;The Death of Humanity: and the Case for Life;£58.11;In stock
Philosophy;Four;The Stranger;£17.44;In stock
Philosophy;One;Proofs of God: Classical Arguments from Tertullian to Barth;£54.21;In stock
Philosophy;One;Kierkegaard: A Christian Missionary to Christians;£47.13;In stock
Philosophy;Five;At The Existentialist Café: Freedom, Being, and apricot cocktails with: Jean-Paul Sartre, Simone de Beauvoir, Albert Camus, Martin Heidegger, Edmund Husserl, Karl Jaspers, Maurice Merleau-Ponty and others;£29.93;In stock
Philosophy;One;Critique of Pure Reason;£20.75;In stock
Philosophy;One;Run, Spot, Run: The Ethics of Keeping Pets;£20.02;In stock
Philosophy;One;The Nicomachean Ethics;£36.34;In stock
Philosophy;Two;Meditations;£25.89;In stock
Philosophy;One;Beyond Good and Evil;£43.38;In stock
Romance;Five;Chase Me (Paris Nights #2);£25.27;In stock
Romance;Five;Black Dust;£34.53;In stock
Romance;One;Her Backup Boyfriend (The Sorensen Family #1);£33.97;In stock
Romance;Four;First and First (Five Boroughs #3);£15.97;In stock
Romance;One;Fifty Shades Darker (Fifty Shades #2);£21.96;In stock
Romance;One;The Wedding Dress;£24.12;In stock
Romance;Two;Suddenly in Love (Lake Haven #1);£55.99;In stock
Romance;Four;Something More Than This;£16.24;In stock
Romance;Three;Doing It Over (Most Likely To #1);£35.61;In stock
Romance;Three;The Wedding Pact (The O'Malleys #2);£32.61;In stock
Romance;One;Hold Your Breath (Search and Rescue #1);£28.82;In stock
Romance;Four;Dirty (Dive Bar #1);£40.83;In stock
Romance;Three;Take Me Home Tonight (Rock Star Romance #3);£53.98;In stock
Romance;Three;Off the Hook (Fishing for Trouble #1);£47.67;In stock
Romance;Five;A Gentleman's Position (Society of Gentlemen #3);£14.75;In stock
Romance;Three;Sit, Stay, Love;£20.90;In stock
Romance;One;A Girl's Guide to Moving On (New Beginnings #2);£31.30;In stock
Romance;Three;The Perfect Play (Play by Play #1);£59.99;In stock
Romance;One;Dark Lover (Black Dagger Brotherhood #1);£12.87;In stock
Romance;Three;Changing the Game (Play by Play #2);£13.38;In stock
Romance;One;A Walk to Remember;£56.43;In stock
Romance;One;The Purest Hook (Second Circle Tattoos #3);£12.25;In stock
Romance;One;The Obsession;£45.43;In stock
Romance;Three;Reservations for Two;£11.10;In stock
Romance;Two;Best of My Love (Fool's Gold #20);£27.41;In stock
Romance;Three;Where Lightning Strikes (Bleeding Stars #3);£39.77;In stock
Romance;One;This One Moment (Pushing Limits #1);£48.71;In stock
Romance;Two;Rhythm, Chord & Malykhin;£28.34;In stock
Romance;Two;My Perfect Mistake (Over the Top #1);£38.92;In stock
Romance;Three;Listen to Me (Fusion #1);£58.99;In stock
Romance;Four;Imperfect Harmony;£34.74;In stock
Romance;Three;Fighting Fate (Fighting #6);£39.24;In stock
Romance;Five;Deep Under (Walker Security #1);£47.09;In stock
Romance;One;Charity's Cross (Charles Towne Belles #4);£41.24;In stock
Romance;Four;Bounty (Colorado Mountain #7);£37.26;In stock
WomensFiction;Four;I Had a Nice Time And Other Lies...: How to find love & sh*t like that;£57.36;In stock
WomensFiction;Three;Will You Won't You Want Me?;£13.86;In stock
WomensFiction;Four;Keep Me Posted;£20.46;In stock
WomensFiction;Four;Grey (Fifty Shades #4);£48.49;In stock
WomensFiction;Three;Meternity;£43.58;In stock
WomensFiction;Five;Some Women;£13.73;In stock
WomensFiction;Five;Shopaholic Ties the Knot (Shopaholic #3);£48.39;In stock
WomensFiction;One;Can You Keep a Secret?;£21.94;In stock
WomensFiction;Two;Twenties Girl;£42.80;In stock
WomensFiction;Four;The Undomestic Goddess;£45.75;In stock
WomensFiction;Five;The Nanny Diaries (Nanny #1);£52.53;In stock
WomensFiction;One;The Devil Wears Prada (The Devil Wears Prada #1);£44.29;In stock
WomensFiction;Five;Something Borrowed (Darcy & Rachel #1);£48.96;In stock
WomensFiction;One;Something Blue (Darcy & Rachel #2);£54.62;In stock
WomensFiction;One;I've Got Your Number;£19.69;In stock
WomensFiction;Four;The Edge of Reason (Bridget Jones #2);£19.18;In stock
WomensFiction;One;Bridget Jones's Diary (Bridget Jones #1);£29.82;In stock
Fiction;One;Soumission;£50.10;In stock
Fiction;Five;Private Paris (Private #10);£47.61;In stock
Fiction;Five;We Love You, Charlie Freeman;£50.27;In stock
Fiction;Five;Thirst;£17.27;In stock
Fiction;Three;The Murder That Never Was (Forensic Instincts #5);£54.11;In stock
Fiction;Two;Tuesday Nights in 1980;£21.04;In stock
Fiction;Four;The Vacationers;£42.15;In stock
Fiction;Five;The Regional Office Is Under Attack!;£51.36;In stock
Fiction;Five;Finders Keepers (Bill Hodges Trilogy #2);£53.53;In stock
Fiction;Five;The Time Keeper;£27.88;In stock
Fiction;Four;The Testament of Mary;£52.67;In stock
Fiction;Three;The First Hostage (J.B. Collins #2);£25.85;In stock
Fiction;Three;Take Me with You;£45.21;In stock
Fiction;Three;Still Life with Bread Crumbs;£26.41;In stock
Fiction;Four;Shtum;£55.84;In stock
Fiction;One;My Name Is Lucy Barton;£41.56;In stock
Fiction;Three;My Mrs. Brown;£24.48;In stock
Fiction;One;Mr. Mercedes (Bill Hodges Trilogy #1);£28.90;In stock
Fiction;Four;I Am Pilgrim (Pilgrim #1);£10.60;In stock
Fiction;Three;Eligible (The Austen Project #4);£27.09;In stock
Fiction;Four;Eight Hundred Grapes;£14.39;In stock
Fiction;Five;Dear Mr. Knightley;£11.21;In stock
Fiction;Three;Cometh the Hour (The Clifton Chronicles #6);£25.01;In stock
Fiction;Three;Balloon Animals;£17.03;In stock
Fiction;One;A Man Called Ove;£39.72;In stock
Fiction;Five;The Silent Sister (Riley MacPherson #1);£46.29;In stock
Fiction;Two;The Dinner Party;£56.54;In stock
Fiction;One;The Improbability of Love;£59.45;In stock
Fiction;Two;Mothering Sunday;£13.34;In stock
Fiction;One;Lies and Other Acts of Love;£45.14;In stock
Fiction;Three;Daredevils;£16.34;In stock
Fiction;Three;11/22/63;£48.48;In stock
Fiction;One;The Shack;£28.03;In stock
Fiction;One;The High Mountains of Portugal;£51.15;In stock
Fiction;Two;Miller's Valley;£58.54;In stock
Fiction;Four;Hystopia: A Novel;£21.96;In stock
Fiction;Four;The Bourne Identity (Jason Bourne #1);£42.78;In stock
Fiction;Four;Sister Dear;£40.20;In stock
Fiction;Three;Memoirs of a Geisha;£49.67;In stock
Fiction;One;Me Before You (Me Before You #1);£19.02;In stock
Fiction;Four;Deception Point;£40.32;In stock
Fiction;Three;The Little Paris Bookshop;£24.73;In stock
Fiction;Three;The Firm;£45.56;In stock
Fiction;Two;The Expatriates;£44.58;In stock
Fiction;Five;Siddhartha;£34.22;In stock
Fiction;Three;Last One Home (New Beginnings #1);£59.98;In stock
Fiction;Five;Digital Fortress;£58.00;In stock
Fiction;Five;Atlas Shrugged;£26.58;In stock
Fiction;Three;Three-Martini Lunch;£23.21;In stock
Fiction;Four;The Nightingale;£26.26;In stock
Fiction;One;The Infinities;£27.41;In stock
Fiction;Five;The Husband's Secret;£52.51;In stock
Fiction;Two;The Da Vinci Code (Robert Langdon #2);£22.96;In stock
Fiction;One;The Art of Fielding;£22.10;In stock
Fiction;Three;Lila (Gilead #3);£12.47;In stock
Fiction;One;Jurassic Park (Jurassic Park #1);£44.97;In stock
Fiction;Five;Inferno (Robert Langdon #4);£41.00;In stock
Fiction;Five;Crazy Rich Asians (Crazy Rich Asians #1);£49.13;In stock
Fiction;One;Big Little Lies;£22.11;In stock
Fiction;Three;The Course of Love;£16.78;In stock
Fiction;Three;When I'm Gone;£51.96;In stock
Fiction;Five;The Silent Wife;£12.34;In stock
Fiction;Three;The Bette Davis Club;£30.66;In stock
Fiction;Five;Kitchens of the Great Midwest;£57.20;In stock
Fiction;Five;Bright Lines;£39.07;In stock
Childrens;Three;Birdsong: A Story in Pictures;£54.64;In stock
Childrens;One;The Bear and the Piano;£36.89;In stock
Childrens;One;The Secret of Dreadwillow Carse;£56.13;In stock
Childrens;Four;The White Cat and the Monk: A Retelling of the Poem “Pangur Bán”;£58.08;In stock
Childrens;Three;Little Red;£13.47;In stock
Childrens;Five;Walt Disney's Alice in Wonderland;£12.96;In stock
Childrens;Two;Twenty Yawns;£22.08;In stock
Childrens;Three;Rain Fish;£23.57;In stock
Childrens;Two;Once Was a Time;£18.28;In stock
Childrens;Three;Luis Paints the World;£53.95;In stock
Childrens;One;Nap-a-Roo;£25.08;In stock
Childrens;Four;The Whale;£35.96;In stock
Childrens;Three;Shrunken Treasures: Literary Classics, Short, Sweet, and Silly;£52.87;In stock
Childrens;Two;Raymie Nightingale;£34.41;In stock
Childrens;One;Playing from the Heart;£32.38;In stock
Childrens;One;Maybe Something Beautiful: How Art Transformed a Neighborhood;£22.54;In stock
Childrens;Three;The Wild Robot;£56.07;In stock
Childrens;One;The Thing About Jellyfish;£48.77;In stock
Childrens;Five;The Lonely Ones;£43.59;In stock
Childrens;Five;The Day the Crayons Came Home (Crayons);£26.33;In stock
Childrens;Two;The Cat in the Hat (Beginner Books B-1);£16.26;In stock
Childrens;Three;Red: The True Story of Red Riding Hood;£28.54;In stock
Childrens;Two;Horrible Bear!;£37.52;In stock
Childrens;Four;Green Eggs and Ham (Beginner Books B-16);£10.79;In stock
Childrens;One;Counting Thyme;£10.62;In stock
Childrens;Three;Are We There Yet?;£10.66;In stock
Childrens;Four;Diary of a Minecraft Zombie Book 1: A Scare of a Dare (An Unofficial Minecraft Book);£52.88;In stock
Childrens;One;Matilda;£28.34;In stock
Childrens;Three;Charlie and the Chocolate Factory (Charlie Bucket #1);£22.85;In stock
Religion;Two;Don't Be a Jerk: And Other Practical Advice from Dogen, Japan's Greatest Zen Master;£37.97;In stock
Religion;Four;You Are What You Love: The Spiritual Power of Habit;£21.87;In stock
Religion;Five;God: The Most Unpleasant Character in All Fiction;£30.03;In stock
Religion;Three;The Book of Mormon;£24.57;In stock
Religion;One;A History of God: The 4,000-Year Quest of Judaism, Christianity, and Islam;£27.62;In stock
Religion;Three;The Bhagavad Gita;£57.49;In stock
Religion;Four;Choosing Our Religion: The Spiritual Lives of America's Nones;£28.42;In stock
Nonfiction;Five;Worlds Elsewhere: Journeys Around Shakespeare’s Globe;£40.30;In stock
Nonfiction;Three;The Five Love Languages: How to Express Heartfelt Commitment to Your Mate;£31.05;In stock
Nonfiction;Two;Reasons to Stay Alive;£26.41;In stock
Nonfiction;Five;#HigherSelfie: Wake Up Your Life. Free Your Soul. Find Your Tribe.;£23.11;In stock
Nonfiction;Four;Unseen City: The Majesty of Pigeons, the Discreet Charm of Snails & Other Wonders of the Urban Wilderness;£44.18;In stock
Nonfiction;Three;Throwing Rocks at the Google Bus: How Growth Became the Enemy of Prosperity;£31.12;In stock
Nonfiction;Three;The Life-Changing Magic of Tidying Up: The Japanese Art of Decluttering and Organizing;£16.77;In stock
Nonfiction;One;The Gutsy Girl: Escapades for Your Life of Epic Adventure;£37.13;In stock
Nonfiction;One;The Electric Pencil: Drawings from Inside State Hospital No. 3;£56.06;In stock
Nonfiction;Four;Spark Joy: An Illustrated Master Class on the Art of Organizing and Tidying Up;£41.83;In stock
Nonfiction;Two;Reskilling America: Learning to Labor in the Twenty-First Century;£19.83;In stock
Nonfiction;Four;In the Country We Love: My Family Divided;£22.00;In stock
Nonfiction;Two;Everydata: The Misinformation Hidden in the Little Data You Consume Every Day;£54.35;In stock
Nonfiction;Five;Call the Nurse: True Stories of a Country Nurse on a Scottish Isle;£29.14;In stock
Nonfiction;One;Algorithms to Live By: The Computer Science of Human Decisions;£30.81;In stock
Nonfiction;Two;The Power of Now: A Guide to Spiritual Enlightenment;£43.54;In stock
Nonfiction;Two;The Omnivore's Dilemma: A Natural History of Four Meals;£38.21;In stock
Nonfiction;One;The Genius of Birds;£17.24;In stock
Nonfiction;Five;The Artist's Way: A Spiritual Path to Higher Creativity;£38.49;In stock
Nonfiction;Two;So You've Been Publicly Shamed;£12.23;In stock
Nonfiction;Three;Daring Greatly: How the Courage to Be Vulnerable Transforms the Way We Live, Love, Parent, and Lead;£19.43;In stock
Nonfiction;Three;Big Magic: Creative Living Beyond Fear;£30.80;In stock
Nonfiction;Two;Becoming Wise: An Inquiry into the Mystery and Art of Living;£27.43;In stock
Nonfiction;Five;Agnostic: A Spirited Manifesto;£12.51;In stock
Nonfiction;Four;Whole Lotta Creativity Going On: 60 Fun and Unusual Exercises to Awaken and Strengthen Your Creativity;£38.20;In stock
Nonfiction;Two;What's It Like in Space?: Stories from Astronauts Who've Been There;£19.60;In stock
Nonfiction;Two;The Year of Magical Thinking;£43.04;In stock
Nonfiction;Three;The Literature Book (Big Ideas Simply Explained);£17.43;In stock
Nonfiction;One;The Bad-Ass Librarians of Timbuktu: And Their Race to Save the World’s Most Precious Manuscripts;£15.77;In stock
Nonfiction;One;Swell: A Year of Waves;£45.58;In stock
Nonfiction;Two;No Dream Is Too High: Life Lessons From a Man Who Walked on the Moon;£21.95;In stock
Nonfiction;Five;Looking for Lovely: Collecting the Moments that Matter;£29.14;In stock
Nonfiction;Five;Let It Out: A Journey Through Journaling;£26.79;In stock
Nonfiction;Three;Hamilton: The Revolution;£58.79;In stock
Nonfiction;Four;Far & Away: Places on the Brink of Change: Seven Continents, Twenty-Five Years;£15.06;In stock
Nonfiction;Five;Eaternity: More than 150 Deliciously Easy Vegan Recipes for a Long, Healthy, Satisfied, Joyful Life;£51.75;In stock
Nonfiction;Four;Buying In: The Secret Dialogue Between What We Buy and Who We Are;£37.80;In stock
Nonfiction;Five;Brain on Fire: My Month of Madness;£49.32;In stock
Nonfiction;Five;Abstract City;£56.37;In stock
Nonfiction;One;13 Hours: The Inside Account of What Really Happened In Benghazi;£27.06;In stock
Nonfiction;Two;The Lonely City: Adventures in the Art of Being Alone;£33.26;In stock
Nonfiction;Three;The Diary of a Young Girl;£59.90;In stock
Nonfiction;Three;Snatched: How A Drug Queen Went Undercover for the DEA and Was Kidnapped By Colombian Guerillas;£21.21;In stock
Nonfiction;Four;Furiously Happy: A Funny Book About Horrible Things;£41.46;In stock
Nonfiction;Four;The Sleep Revolution: Transforming Your Life, One Night at a Time;£11.68;In stock
Nonfiction;Five;Mother, Can You Not?;£16.89;In stock
Nonfiction;Three;A Mother's Reckoning: Living in the Aftermath of Tragedy;£19.53;In stock
Nonfiction;Two;10% Happier: How I Tamed the Voice in My Head, Reduced Stress Without Losing My Edge, and Found Self-Help That Actually Works;£24.57;In stock
Nonfiction;Two;Chernobyl 01:23:40: The Incredible True Story of the World's Worst Nuclear Disaster;£35.92;In stock
Nonfiction;Three;Zero to One: Notes on Startups, or How to Build the Future;£34.06;In stock
Nonfiction;One;Why Not Me?;£17.76;In stock
Nonfiction;Two;When Breath Becomes Air;£39.36;In stock
Nonfiction;Four;The Midnight Assassin: Panic, Scandal, and the Hunt for America's First Serial Killer;£28.45;In stock
Nonfiction;Five;Smarter Faster Better: The Secrets of Being Productive in Life and Business;£38.89;In stock
Nonfiction;Three;Rising Strong;£21.82;In stock
Nonfiction;Three;Man's Search for Meaning;£29.48;In stock
Nonfiction;Two;Love That Boy: What Two Presidents, Eight Road Trips, and My Son Taught Me About a Parent's Expectations;£25.06;In stock
Nonfiction;Three;Living Forward: A Proven Plan to Stop Drifting and Get the Life You Want;£12.55;In stock
Nonfiction;One;I Will Find You;£44.21;In stock
Nonfiction;Two;Brazen: The Courage to Find the You That's Been Hiding;£19.22;In stock
Nonfiction;Four;Between the World and Me;£56.91;In stock
Nonfiction;Four;Being Mortal: Medicine and What Matters in the End;£55.06;In stock
Nonfiction;Three;A Murder Over a Girl: Justice, Gender, Junior High;£13.20;In stock
Nonfiction;Three;For the Love: Fighting for Grace in a World of Impossible Standards;£45.13;In stock
Nonfiction;Two;Finding God in the Ruins: How God Redeems Pain;£46.64;In stock
Nonfiction;Four;The Man Who Mistook His Wife for a Hat and Other Clinical Tales;£59.45;In stock
Nonfiction;Four;In Cold Blood;£49.98;In stock
Nonfiction;Three;Girl, Interrupted;£42.14;In stock
Nonfiction;Two;Why Save the Bankers?: And Other Essays on Our Economic and Political Crisis;£48.67;In stock
Nonfiction;Four;Talking to Girls About Duran Duran: One Young Man's Quest for True Love and a Cooler Haircut;£25.15;In stock
Nonfiction;Four;My Mother Was Nuts;£31.63;In stock
Nonfiction;Three;Data, A Love Story: How I Gamed Online Dating to Meet My Match;£32.35;In stock
Nonfiction;Three;The Jazz of Physics: The Secret Link Between Music and the Structure of the Universe;£38.71;In stock
Nonfiction;Four;The Gunning of America: Business and the Making of American Gun Culture;£16.81;In stock
Nonfiction;Two;The Geography of Bliss: One Grump's Search for the Happiest Places in the World;£28.23;In stock
Nonfiction;One;God Is Not Great: How Religion Poisons Everything;£27.80;In stock
Nonfiction;Three;We the People: The Modern-Day Figures Who Have Reshaped and Affirmed the Founding Fathers' Vision of America;£31.95;In stock
Nonfiction;Three;Very Good Lives: The Fringe Benefits of Failure and the Importance of Imagination;£50.66;In stock
Nonfiction;One;Unstuffed: Decluttering Your Home, Mind, and Soul;£58.09;In stock
Nonfiction;One;Under the Banner of Heaven: A Story of Violent Faith;£30.00;In stock
Nonfiction;One;Trespassing Across America: One Man's Epic, Never-Done-Before (and Sort of Illegal) Hike Across the Heartland;£53.51;In stock
Nonfiction;Two;The Name of God is Mercy;£37.25;In stock
Nonfiction;Three;Stiff: The Curious Lives of Human Cadavers;£36.74;In stock
Nonfiction;One;Spilled Milk: Based on a True Story;£49.51;In stock
Nonfiction;Four;Rise of the Rocket Girls: The Women Who Propelled Us, from Missiles to the Moon to Mars;£41.67;In stock
Nonfiction;One;Outliers: The Story of Success;£14.16;In stock
Nonfiction;One;Notes from a Small Island (Notes From a Small Island #1);£40.17;In stock
Nonfiction;One;Night (The Night Trilogy #1);£13.51;In stock
Nonfiction;One;Miracles from Heaven: A Little Girl, Her Journey to Heaven, and Her Amazing Story of Healing;£57.83;In stock
Nonfiction;One;Letter to a Christian Nation;£22.20;In stock
Nonfiction;One;Let's Pretend This Never Happened: A Mostly True Memoir;£45.11;In stock
Nonfiction;One;It's Never Too Late to Begin Again: Discovering Creativity and Meaning at Midlife and Beyond;£42.38;In stock
Nonfiction;Five;Into the Wild;£56.70;In stock
Nonfiction;Three;In the Garden of Beasts: Love, Terror, and an American Family in Hitler's Berlin;£28.85;In stock
Nonfiction;Two;I Am Malala: The Girl Who Stood Up for Education and Was Shot by the Taliban;£28.88;In stock
Nonfiction;Five;Gratitude;£26.66;In stock
Nonfiction;Five;Disrupted: My Misadventure in the Start-Up Bubble;£15.28;In stock
Nonfiction;Five;Brave Enough;£51.32;In stock
Nonfiction;Two;Born to Run: A Hidden Tribe, Superathletes, and the Greatest Race the World Has Never Seen;£27.35;In stock
Nonfiction;Five;Blink: The Power of Thinking Without Thinking;£21.74;In stock
Nonfiction;One;Black Flags: The Rise of ISIS;£40.87;In stock
Nonfiction;One;Are We Smart Enough to Know How Smart Animals Are?;£56.58;In stock
Nonfiction;Four;A Walk in the Woods: Rediscovering America on the Appalachian Trail;£30.48;In stock
Nonfiction;Two;The Suffragettes (Little Black Classics, #96);£11.89;In stock
Nonfiction;Three;Kindle Paperwhite User's Guide;£34.00;In stock
Nonfiction;Five;H is for Hawk;£57.42;In stock
Nonfiction;Five;Travels with Charley: In Search of America;£57.82;In stock
Nonfiction;Five;The Tumor;£41.56;In stock
Nonfiction;One;The End of the Jesus Era (An Investigation #1);£14.40;In stock
Nonfiction;Three;Eat, Pray, Love;£51.32;In stock
Music;Five;Rip it Up and Start Again;£35.02;In stock
Music;Three;Our Band Could Be Your Life: Scenes from the American Indie Underground, 1981-1991;£57.25;In stock
Music;Two;How Music Works;£37.32;In stock
Music;One;Love Is a Mix Tape (Music #1);£18.03;In stock
Music;Four;Please Kill Me: The Uncensored Oral History of Punk;£31.19;In stock
Music;Five;Kill 'Em and Leave: Searching for James Brown and the American Soul;£45.05;In stock
Music;Two;Chronicles, Vol. 1;£52.60;In stock
Music;One;This Is Your Brain on Music: The Science of a Human Obsession;£38.40;In stock
Music;Three;Orchestra of Exiles: The Story of Bronislaw Huberman, the Israel Philharmonic, and the One Thousand Jews He Saved from Nazi Horrors;£12.36;In stock
Music;Five;No One Here Gets Out Alive;£20.02;In stock
Music;Five;Life;£31.58;In stock
Music;Two;Old Records Never Die: One Man's Quest for His Vinyl and His Past;£55.66;In stock
Music;Three;Forever Rockers (The Rocker #12);£28.80;In stock
Default;Three;The Coming Woman: A Novel Based on the Life of the Infamous Feminist, Victoria Woodhull;£17.93;In stock
Default;Four;The Boys in the Boat: Nine Americans and Their Epic Quest for Gold at the 1936 Berlin Olympics;£22.60;In stock
Default;Two;Starving Hearts (Triangular Trade Trilogy, #1);£13.99;In stock
Default;Three;America's Cradle of Quarterbacks: Western Pennsylvania's Football Factory from Johnny Unitas to Joe Montana;£22.50;In stock
Default;Three;Aladdin and His Wonderful Lamp;£53.13;In stock
Default;Three;Penny Maybe;£33.29;In stock
Default;Two;Maude (1883-1993):She Grew Up with the country;£18.02;In stock
Default;Five;The Inefficiency Assassin: Time Management Tactics for Working Smarter, Not Longer;£20.59;In stock
Default;Two;Soul Reader;£39.58;In stock
Default;Two;Bossypants;£49.46;In stock
Default;One;A World of Flavor: Your Gluten Free Passport;£42.95;In stock
Default;Five;A Piece of Sky, a Grain of Rice: A Memoir in Four Meditations;£56.76;In stock
Default;Three;Tracing Numbers on a Train;£41.60;In stock
Default;One;Thirteen Reasons Why;£52.72;In stock
Default;Four;The Secret (The Secret #1);£27.37;In stock
Default;Two;The Psychopath Test: A Journey Through the Madness Industry;£36.00;In stock
Default;Four;The Kite Runner;£41.82;In stock
Default;Two;The Girl on the Train;£55.02;In stock
Default;Two;The Emerald Mystery;£23.15;In stock
Default;Three;The Bridge to Consciousness: I'm Writing the Bridge Between Science and Our Old and New Beliefs.;£32.00;In stock
Default;Five;The Art of War;£33.34;In stock
Default;One;Secrets and Lace (Fatal Hearts #1);£20.27;In stock
Default;One;Romero and Juliet: A Tragic Tale of Love and Zombies;£36.94;In stock
Default;One;Poses for Artists Volume 1 - Dynamic and Sitting Poses: An Essential Reference for Figure Drawing and the Human Form;£41.06;In stock
Default;One;Miss Peregrine’s Home for Peculiar Children (Miss Peregrine’s Peculiar Children #1);£10.76;In stock
Default;Two;Large Print Heart of the Pride;£19.15;In stock
Default;Two;Grumbles;£22.16;In stock
Default;One;First Steps for New Christians (Print Edition);£29.00;In stock
Default;Four;Eureka Trivia 6.0;£54.59;In stock
Default;Four;Drive: The Surprising Truth About What Motivates Us;£34.95;In stock
Default;Five;Done Rubbed Out (Reightman & Bailey #1);£37.72;In stock
Default;Two;Beauty Restored (Riley Family Legacy Novellas #3);£11.11;In stock
Default;Two;Ayumi's Violin;£15.48;In stock
Default;Four;Anonymous;£46.82;In stock
Default;Three;Amy Meets the Saints and Sages;£18.46;In stock
Default;Five;Amatus;£50.54;In stock
Default;Four;V for Vendetta (V for Vendetta Complete);£37.10;In stock
Default;Two;Unbroken: A World War II Story of Survival, Resilience, and Redemption;£45.95;In stock
Default;Four;The Wright Brothers;£56.80;In stock
Default;Five;The Songs of the Gods;£44.48;In stock
Default;One;The Rosie Project (Don Tillman #1);£54.04;In stock
Default;Three;The Power of Habit: Why We Do What We Do in Life and Business;£16.88;In stock
Default;Five;Steve Jobs;£39.50;In stock
Default;Three;Luckiest Girl Alive;£49.83;In stock
Default;Four;Living Leadership by Insight: A Good Leader Achieves, a Great Leader Builds Monuments;£46.91;In stock
Default;Five;Lady Midnight (The Dark Artifices #1);£16.28;In stock
Default;Three;Hush, Hush (Hush, Hush #1);£47.02;In stock
Default;Five;Greek Mythic History;£10.23;In stock
Default;Three;Every Last Word;£46.47;In stock
Default;One;Daily Fantasy Sports;£36.58;In stock
Default;One;Clockwork Angel (The Infernal Devices #1);£44.14;In stock
Default;Four;City of Fallen Angels (The Mortal Instruments #4);£11.23;In stock
Default;One;City of Bones (The Mortal Instruments #1);£43.28;In stock
Default;One;City of Ashes (The Mortal Instruments #2);£47.27;In stock
Default;Three;Carry On, Warrior: Thoughts on Life Unarmed;£31.85;In stock
Default;Two;Carrie;£46.23;In stock
Default;Three;Angels & Demons (Robert Langdon #1);£51.48;In stock
Default;Three;The Three Searches, Meaning, and the Story;£13.33;In stock
Default;Four;Raspberry Pi Electronics Projects for the Evil Genius;£49.67;In stock
Default;Five;How to Speak Golf: An Illustrated Guide to Links Lingo;£58.32;In stock
Default;Five;Eleanor & Park;£56.51;In stock
Default;Two;Troublemaker: Surviving Hollywood and Scientology;£48.39;In stock
Default;Five;Adultery;£20.88;In stock
Default;Four;Unlimited Intuition Now;£58.87;In stock
Default;Two;Underlying Notes;£11.82;In stock
Default;Five;The New Brand You: Your New Image Makes the Sale for You;£44.05;In stock
Default;Two;The Flowers Lied;£16.68;In stock
Default;Four;NaNo What Now? Finding your editing process, revising your NaNoWriMo book and building a writing career through publishing and beyond;£10.41;In stock
Default;Two;Modern Day Fables;£47.44;In stock
Default;Five;The Unlikely Pilgrimage of Harold Fry (Harold Fry #1);£43.62;In stock
Default;Two;The Martian (The Martian #1);£41.39;In stock
Default;Two;Left Behind (Left Behind #1);£40.72;In stock
Default;Four;John Vassos: Industrial Design for Modern Life;£20.22;In stock
Default;One;I'll Give You the Sun;£56.48;In stock
Default;Two;Heaven is for Real: A Little Boy's Astounding Story of His Trip to Heaven and Back;£52.86;In stock
Default;One;Ender's Game (The Ender Quintet #1);£43.64;In stock
Default;Four;Death by Leisure: A Cautionary Tale;£37.51;In stock
Default;Two;Wildlife of New York: A Five-Borough Coloring Book;£22.14;In stock
Default;One;The Year of Living Biblically: One Man's Humble Quest to Follow the Bible as Literally as Possible;£34.72;In stock
Default;Four;The Great Gatsby;£36.05;In stock
Default;Three;The Good Girl;£49.03;In stock
Default;Four;The 7 Habits of Highly Effective People: Powerful Lessons in Personal Change;£33.17;In stock
Default;Two;Steal Like an Artist: 10 Things Nobody Told You About Being Creative;£20.90;In stock
Default;Four;Life of Pi;£13.22;In stock
Default;Five;The Sound Of Love;£57.84;In stock
Default;Three;The Perks of Being a Wallflower;£55.02;In stock
Default;Two;The Makings of a Fatherless Child;£31.58;In stock
Default;Five;The Hobbit (Middle-Earth Universe);£17.80;In stock
Default;Two;The Fellowship of the Ring (The Lord of the Rings #1);£10.27;In stock
Default;Three;Ship Leaves Harbor: Essays on Travel by a Recovering Journeyman;£30.60;In stock
Default;One;Musicophilia: Tales of Music and the Brain;£46.58;In stock
Default;Four;What If?: Serious Scientific Answers to Absurd Hypothetical Questions;£53.68;In stock
Default;One;The Fault in Our Stars;£47.22;In stock
Default;One;The Dream Thieves (The Raven Cycle #2);£34.50;In stock
Default;Two;The 5th Wave (The 5th Wave #1);£11.83;In stock
Default;Five;Shiver (The Wolves of Mercy Falls #1);£16.23;In stock
Default;Three;Remember Me?;£11.48;In stock
Default;Five;If I Stay (If I Stay #1);£38.13;In stock
Default;Two;I Know Why the Caged Bird Sings (Maya Angelou's Autobiography #1);£36.55;In stock
Default;One;Harry Potter and the Deathly Hallows (Harry Potter #7);£23.32;In stock
Default;One;Fool Me Once;£16.96;In stock
Default;Two;Drama;£38.70;In stock
Default;Five;Blue Lily, Lily Blue (The Raven Cycle #3);£34.13;In stock
Default;Four;Alight (The Generations Trilogy #2);£58.59;In stock
Default;Four;Vogue Colors A to Z: A Fashion Coloring Book;£52.35;In stock
Default;Three;The Shining (The Shining #1);£27.88;In stock
Default;Five;The Hunger Games (The Hunger Games #1);£29.85;In stock
Default;Five;Outlander (Outlander #1);£19.67;In stock
Default;Four;Mockingjay (The Hunger Games #3);£20.44;In stock
Default;Three;Harry Potter and the Sorcerer's Stone (Harry Potter #1);£13.90;In stock
Default;Two;Confessions of a Shopaholic (Shopaholic #1);£48.94;In stock
Default;One;Zero History (Blue Ant #3);£34.77;In stock
Default;One;World War Z: An Oral History of the Zombie War;£21.80;In stock
Default;Three;Wild: From Lost to Found on the Pacific Crest Trail;£46.02;In stock
Default;One;Where'd You Go, Bernadette;£18.13;In stock
Default;Two;Twilight (Twilight #1);£41.93;In stock
Default;Three;The Paris Wife;£36.80;In stock
Default;One;The Maze Runner (The Maze Runner #1);£20.93;In stock
Default;Two;The Lover's Dictionary;£58.09;In stock
Default;Three;The Goldfinch;£43.58;In stock
Default;One;The Giver (The Giver Quartet #1);£12.30;In stock
Default;Two;The Girl Who Played with Fire (Millennium Trilogy #2);£22.14;In stock
Default;Four;The Demon-Haunted World: Science as a Candle in the Dark;£52.25;In stock
Default;Two;The Book Thief;£53.49;In stock
Default;Two;The Autobiography of Malcolm X;£23.43;In stock
Default;Two;Shopaholic & Baby (Shopaholic #5);£46.45;In stock
Default;One;Quiet: The Power of Introverts in a World That Can't Stop Talking;£43.55;In stock
Default;Two;Packing for Mars: The Curious Science of Life in the Void;£56.68;In stock
Default;Two;Orange Is the New Black;£24.61;In stock
Default;Two;One for the Money (Stephanie Plum #1);£32.87;In stock
Default;One;Morning Star (Red Rising #3);£29.40;In stock
Default;Two;Life After Life;£26.13;In stock
Default;One;Lean In: Women, Work, and the Will to Lead;£25.02;In stock
Default;Three;Is Everyone Hanging Out Without Me? (And Other Concerns);£20.11;In stock
Default;Five;Gone Girl;£37.60;In stock
Default;One;Fellside;£38.62;In stock
Default;One;Eclipse (Twilight #3);£18.74;In stock
Default;Three;Dracula;£52.62;In stock
Default;Five;Dead Wake: The Last Crossing of the Lusitania;£39.24;In stock
Default;One;David and Goliath: Underdogs, Misfits, and the Art of Battling Giants;£17.81;In stock
Default;Five;Dark Places;£23.90;In stock
Default;Five;Breaking Dawn (Twilight #4);£35.28;In stock
Default;Five;Beautiful Creatures (Caster Chronicles #1);£21.55;In stock
Default;Five;A Visit from the Goon Squad;£14.08;In stock
Default;Five;The Zombie Room;£19.69;In stock
Default;Three;The Name of the Wind (The Kingkiller Chronicle #1);£50.59;In stock
Default;Two;Taking Shots (Assassins #1);£18.88;In stock
Default;One;Shatter Me (Shatter Me #1);£42.40;In stock
Default;One;Paradise Lost (Paradise #1);£24.96;In stock
Default;Three;On the Road (Duluoz Legend);£32.36;In stock
Default;Five;Jane Eyre;£38.43;In stock
Default;Two;Frankenstein;£38.00;In stock
ScienceFiction;One;Mesaerion: The Best Science Fiction Stories 1800-1849;£37.59;In stock
ScienceFiction;Five;Join;£35.67;In stock
ScienceFiction;Four;William Shakespeare's Star Wars: Verily, A New Hope (William Shakespeare's Star Wars #4);£43.30;In stock
ScienceFiction;One;The Project;£10.65;In stock
ScienceFiction;Two;Soft Apocalypse;£26.12;In stock
ScienceFiction;One;Sleeping Giants (Themis Files #1);£48.74;In stock
ScienceFiction;Four;Arena;£21.36;In stock
ScienceFiction;One;Foundation (Foundation (Publication Order) #1);£32.42;In stock
ScienceFiction;One;The Restaurant at the End of the Universe (Hitchhiker's Guide to the Galaxy #2);£10.92;In stock
ScienceFiction;Four;Ready Player One;£19.07;In stock
ScienceFiction;Two;Life, the Universe and Everything (Hitchhiker's Guide to the Galaxy #3);£33.26;In stock
ScienceFiction;One;Dune (Dune #1);£54.86;In stock
ScienceFiction;One;Do Androids Dream of Electric Sheep? (Blade Runner #1);£51.48;In stock
ScienceFiction;Two;Three Wishes (River of Time: California #1);£44.18;In stock
ScienceFiction;Two;The Last Girl (The Dominion Trilogy #1);£36.26;In stock
ScienceFiction;Four;Having the Barbarian's Baby (Ice Planet Barbarians #7.5);£34.96;In stock
SportsandGames;Five;The Book of Basketball: The NBA According to The Sports Guy;£44.84;In stock
SportsandGames;Three;Friday Night Lights: A Town, a Team, and a Dream;£51.22;In stock
SportsandGames;One;Sugar Rush (Offensive Line #2);£24.42;In stock
SportsandGames;Two;Settling the Score (The Summer Games #1);£44.91;In stock
SportsandGames;Four;Icing (Aces Hockey #2);£40.44;In stock
Addacomment;One;The Torch Is Passed: A Harding Family Story;£19.09;In stock
Addacomment;Four;The Mindfulness and Acceptance Workbook for Anxiety: A Guide to Breaking Free from Anxiety, Phobias, and Worry Using Acceptance and Commitment Therapy;£23.89;In stock
Addacomment;Three;The Art Forger;£40.76;In stock
Addacomment;Three;On a Midnight Clear;£14.07;In stock
Addacomment;Two;Judo: Seven Steps to Black Belt (an Introductory Guide for Beginners);£53.90;In stock
Addacomment;Three;Shobu Samurai, Project Aryoku (#3);£29.06;In stock
Addacomment;Five;Modern Romance;£28.26;In stock
Addacomment;Five;The White Queen (The Cousins' War #1);£25.91;In stock
Addacomment;Five;The Song of Achilles;£37.40;In stock
Addacomment;Two;The Immortal Life of Henrietta Lacks;£40.67;In stock
Addacomment;One;The Dovekeepers;£48.78;In stock
Addacomment;Two;More Than Music (Chasing the Dream #1);£37.61;In stock
Addacomment;Four;Code Name Verity (Code Name Verity #1);£22.13;In stock
Addacomment;Four;Cell;£20.29;In stock
Addacomment;Two;Angels Walking (Angels Walking #1);£34.20;In stock
Addacomment;Two;A Series of Catastrophes and Miracles: A True Story of Love, Science, and Cancer;£56.48;In stock
Addacomment;Two;A People's History of the United States;£40.79;In stock
Addacomment;One;A Brush of Wings (Angels Walking #3);£55.51;In stock
Addacomment;Four;Rook;£37.86;In stock
Addacomment;One;The Midnight Watch: A Novel of the Titanic and the Californian;£26.20;In stock
Addacomment;Four;The Gray Rhino: How to Recognize and Act on the Obvious Dangers We Ignore;£59.15;In stock
Addacomment;Three;The Children;£11.88;In stock
Addacomment;Four;One with You (Crossfire #5);£15.71;In stock
Addacomment;Five;Without Shame;£48.27;In stock
Addacomment;Four;Watchmen;£58.05;In stock
Addacomment;Three;A Hero's Curse (The Unseen Chronicles #1);£50.49;In stock
Addacomment;Two;23 Degrees South: A Tropical Tale of Changing Whether...;£35.79;In stock
Addacomment;One;The Glass Castle;£16.24;In stock
Addacomment;Three;The Drowning Girls;£35.67;In stock
Addacomment;Five;Team of Rivals: The Political Genius of Abraham Lincoln;£20.12;In stock
Addacomment;Four;John Adams;£57.43;In stock
Addacomment;Five;Good in Bed (Cannie Shapiro #1);£37.05;In stock
Addacomment;Four;The Joy of Cooking;£43.27;In stock
Addacomment;One;The Golden Compass (His Dark Materials #1);£18.77;In stock
Addacomment;Three;The God Delusion;£46.85;In stock
Addacomment;Four;Pride and Prejudice;£19.27;In stock
Addacomment;Three;Mere Christianity;£48.51;In stock
Addacomment;Four;Fun Home: A Family Tragicomic;£56.59;In stock
Addacomment;Two;The Raven King (The Raven Cycle #4);£30.57;In stock
Addacomment;One;Find Her (Detective D.D. Warren #8);£22.37;In stock
Addacomment;One;Evicted: Poverty and Profit in the American City;£42.27;In stock
Addacomment;Two;A Game of Thrones (A Song of Ice and Fire #1);£46.42;In stock
Addacomment;Three;A Clash of Kings (A Song of Ice and Fire #2);£10.79;In stock
Addacomment;Two;The Tipping Point: How Little Things Can Make a Big Difference;£10.02;In stock
Addacomment;One;The Rest Is Noise: Listening to the Twentieth Century;£34.77;In stock
Addacomment;Three;The Purpose Driven Life: What on Earth Am I Here for?;£37.19;In stock
Addacomment;Three;The Hitchhiker's Guide to the Galaxy (Hitchhiker's Guide to the Galaxy #1);£47.80;In stock
Addacomment;One;The Girl Who Kicked the Hornet's Nest (Millennium Trilogy #3);£57.48;In stock
Addacomment;Four;The End of Faith: Religion, Terror, and the Future of Reason;£22.13;In stock
Addacomment;Five;The Complete Poems;£41.32;In stock
Addacomment;One;The Catcher in the Rye;£24.55;In stock
Addacomment;One;The Case for Christ (Cases for Christianity);£47.84;In stock
Addacomment;Five;The Blind Side: Evolution of a Game;£53.71;In stock
Addacomment;Two;Seven Days in the Art World;£52.33;In stock
Addacomment;One;Sarah's Key;£46.29;In stock
Addacomment;Three;Rogue Lawyer (Rogue Lawyer #1);£50.11;In stock
Addacomment;Two;Manuscript Found in Accra;£34.98;In stock
Addacomment;Four;Fire Bound (Sea Haven/Sisters of the Heart #5);£21.28;In stock
Addacomment;Two;Cosmos;£36.17;In stock
Addacomment;One;#GIRLBOSS;£50.96;In stock
Addacomment;Three;The Sense of an Ending;£31.38;In stock
Addacomment;Three;The Republic;£33.78;In stock
Addacomment;Three;The Odyssey;£29.64;In stock
Addacomment;One;The Light of the Fireflies;£54.43;In stock
Addacomment;One;The Iliad;£16.16;In stock
Addacomment;Three;The Communist Manifesto;£14.76;In stock
Addacomment;Three;Lord of the Flies;£24.89;In stock
Fantasy;Three;Unicorn Tracks;£18.78;In stock
Fantasy;Three;Saga, Volume 6 (Saga (Collected Editions) #6);£25.02;In stock
Fantasy;Five;Princess Between Worlds (Wide-Awake Princess #5);£13.34;In stock
Fantasy;Two;Masks and Shadows;£56.40;In stock
Fantasy;Three;Crown of Midnight (Throne of Glass #2);£43.29;In stock
Fantasy;Two;Avatar: The Last Airbender: Smoke and Shadow, Part 3 (Smoke and Shadow #3);£28.09;In stock
Fantasy;One;A Court of Thorns and Roses (A Court of Thorns and Roses #1);£52.37;In stock
Fantasy;Three;Throne of Glass (Throne of Glass #1);£35.07;In stock
Fantasy;One;The Glittering Court (The Glittering Court #1);£44.28;In stock
Fantasy;One;Hollow City (Miss Peregrine’s Peculiar Children #2);£42.98;In stock
Fantasy;Five;The Star-Touched Queen;£46.02;In stock
Fantasy;Two;The Hidden Oracle (The Trials of Apollo #1);£52.26;In stock
Fantasy;Four;The Bane Chronicles (The Bane Chronicles #1-11);£44.73;In stock
Fantasy;One;Island of Dragons (Unwanteds #7);£29.65;In stock
Fantasy;Five;Demigods & Magicians: Percy and Annabeth Meet the Kanes (Percy Jackson & Kane Chronicles Crossover #1-3);£37.51;In stock
Fantasy;Four;City of Glass (The Mortal Instruments #3);£56.02;In stock
Fantasy;One;Searching for Meaning in Gailana;£38.73;In stock
Fantasy;Five;The Star-Touched Queen;£32.30;In stock
Fantasy;Three;A Shard of Ice (The Black Symphony Saga #1);£56.63;In stock
Fantasy;Five;King's Folly (The Kinsman Chronicles #1);£39.61;In stock
Fantasy;Five;Every Heart a Doorway (Every Heart A Doorway #1);£12.16;In stock
Fantasy;Four;A Gathering of Shadows (Shades of Magic #2);£44.81;In stock
Fantasy;Four;The Raven Boys (The Raven Cycle #1);£57.74;In stock
Fantasy;Five;The False Prince (The Ascendance Trilogy #1);£56.00;In stock
Fantasy;Three;Tell the Wind and Fire;£45.51;In stock
Fantasy;Four;A Feast for Crows (A Song of Ice and Fire #4);£17.21;In stock
Fantasy;Two;The Demonists (Demonist #1);£52.11;In stock
Fantasy;Five;The Beast (Black Dagger Brotherhood #14);£46.08;In stock
Fantasy;Five;Paper and Fire (The Great Library #2);£49.45;In stock
Fantasy;Four;Harry Potter and the Order of the Phoenix (Harry Potter #5);£31.63;In stock
Fantasy;Five;Harry Potter and the Half-Blood Prince (Harry Potter #6);£48.75;In stock
Fantasy;One;Harry Potter and the Chamber of Secrets (Harry Potter #2);£14.74;In stock
Fantasy;Four;The Rose & the Dagger (The Wrath and the Dawn #2);£58.64;In stock
Fantasy;Two;Soldier (Talon #3);£24.72;In stock
Fantasy;Two;Midnight Riot (Peter Grant/ Rivers of London - books #1);£55.46;In stock
Fantasy;Four;Heir to the Sky;£44.07;In stock
Fantasy;Three;Eragon (The Inheritance Cycle #1);£43.87;In stock
Fantasy;One;Darkfever (Fever #1);£56.02;In stock
Fantasy;Four;Ash;£22.06;In stock
Fantasy;Two;A Storm of Swords (A Song of Ice and Fire #3);£31.22;In stock
Fantasy;Two;Vampire Girl (Vampire Girl #1);£53.82;In stock
Fantasy;Three;The Silent Twin (Detective Jennifer Knight #3);£36.25;In stock
Fantasy;One;The Mirror & the Maze (The Wrath and the Dawn #1.5);£29.38;In stock
Fantasy;Three;Sister Sable (The Mad Queen #1);£13.33;In stock
Fantasy;Four;Shadow Rites (Jane Yellowrock #10);£21.72;In stock
Fantasy;One;Origins (Alphas 0.5);£28.99;In stock
Fantasy;Two;One Second (Seven #7);£52.94;In stock
Fantasy;Four;Myriad (Prentor #1);£58.75;In stock
NewAdult;Two;Without Borders (Wanderlove #1);£45.07;In stock
NewAdult;Three;The Mistake (Off-Campus #2);£43.29;In stock
NewAdult;One;The Matchmaker's Playbook (Wingmen Inc. #1);£55.85;In stock
NewAdult;Five;The Hook Up (Game On #1);£36.29;In stock
NewAdult;Three;Shameless;£58.35;In stock
NewAdult;Five;Off Sides (Off #1);£39.45;In stock
YoungAdult;One;The Requiem Red;£22.65;In stock
YoungAdult;Five;Set Me Free;£17.46;In stock
YoungAdult;Three;The Natural History of Us (The Fine Art of Pretending #2);£45.22;In stock
YoungAdult;Two;Obsidian (Lux #1);£14.86;In stock
YoungAdult;Three;Burning;£28.81;In stock
YoungAdult;Four;A Fierce and Subtle Poison;£28.13;In stock
YoungAdult;Five;Scarlett Epstein Hates It Here;£43.55;In stock
YoungAdult;One;Nightingale, Sing;£38.28;In stock
YoungAdult;Five;Library of Souls (Miss Peregrine’s Peculiar Children #3);£48.56;In stock
YoungAdult;Five;Frostbite (Vampire Academy #2);£29.99;In stock
YoungAdult;Two;Wild Swans;£14.36;In stock
YoungAdult;Two;Until Friday Night (The Field Party #1);£46.31;In stock
YoungAdult;Two;This Is Where It Ends;£27.12;In stock
YoungAdult;Five;The Darkest Lie;£35.35;In stock
YoungAdult;One;My Kind of Crazy;£40.36;In stock
YoungAdult;One;Don't Get Caught;£55.35;In stock
YoungAdult;Three;Catching Jordan (Hundred Oaks);£50.83;In stock
YoungAdult;Four;Aristotle and Dante Discover the Secrets of the Universe (Aristotle and Dante Discover the Secrets of the Universe #1);£58.14;In stock
YoungAdult;Five;The Epidemic (The Program 0.6);£14.44;In stock
YoungAdult;Two;Stars Above (The Lunar Chronicles #4.5);£48.05;In stock
YoungAdult;Four;No Love Allowed (Dodge Cove #1);£54.65;In stock
YoungAdult;Four;Exit, Pursued by a Bear;£51.34;In stock
YoungAdult;One;The Alien Club;£54.40;In stock
YoungAdult;One;Don't Forget Steven;£33.23;In stock
YoungAdult;One;South of Sunshine;£28.93;In stock
YoungAdult;Five;My Life Next Door (My Life Next Door );£36.39;In stock
YoungAdult;Five;Future Shock (Future Shock #1);£55.65;In stock
YoungAdult;Four;Nightstruck: A Novel;£50.35;In stock
YoungAdult;Two;Tell the Wolves I'm Home;£50.96;In stock
YoungAdult;Four;Will Grayson, Will Grayson (Will Grayson, Will Grayson);£47.31;In stock
YoungAdult;Four;Where She Went (If I Stay #2);£41.73;In stock
YoungAdult;One;Two Summers;£14.64;In stock
YoungAdult;Five;The Darkest Corners;£11.33;In stock
YoungAdult;One;Tell Me Three Things;£41.81;In stock
YoungAdult;Four;Lola and the Boy Next Door (Anna and the French Kiss #2);£23.63;In stock
YoungAdult;Five;Kill the Boy Band;£15.52;In stock
YoungAdult;Five;Isla and the Happily Ever After (Anna and the French Kiss #3);£48.13;In stock
YoungAdult;Five;An Abundance of Katherines;£10.00;In stock
YoungAdult;Four;Harry Potter and the Prisoner of Azkaban (Harry Potter #3);£24.17;In stock
YoungAdult;Three;Walk the Edge (Thunder Road #2);£32.36;In stock
YoungAdult;Two;Two Boys Kissing;£32.74;In stock
YoungAdult;Three;The New Guy (and Other Senior Year Distractions);£44.92;In stock
YoungAdult;Four;The Land of 10,000 Madonnas;£29.64;In stock
YoungAdult;Four;Scarlet (The Lunar Chronicles #2);£14.57;In stock
YoungAdult;Four;Legend (Legend #1);£43.69;In stock
YoungAdult;Five;Lady Renegades (Rebel Belle #3);£53.04;In stock
YoungAdult;Four;Golden (Heart of Dread #3);£42.21;In stock
YoungAdult;One;Cinder (The Lunar Chronicles #1);£26.09;In stock
YoungAdult;Three;Boy Meets Boy;£21.12;In stock
YoungAdult;Five;Annie on My Mind;£36.83;In stock
YoungAdult;Four;New Moon (Twilight #2);£12.86;In stock
YoungAdult;One;Girl Online On Tour (Girl Online #2);£53.47;In stock
YoungAdult;Five;The Haters;£27.89;In stock
YoungAdult;Four;The Art of Not Breathing;£40.83;In stock
Science;Four;The Most Perfect Thing: Inside (and Outside) a Bird's Egg;£42.96;In stock
Science;Five;Immunity: How Elie Metchnikoff Changed the Course of Modern Medicine;£57.36;In stock
Science;Four;Sorting the Beef from the Bull: The Science of Food Fraud Forensics;£44.74;In stock
Science;One;Tipping Point for Planet Earth: How Close Are We to the Edge?;£37.55;In stock
Science;One;The Fabric of the Cosmos: Space, Time, and the Texture of Reality;£55.91;In stock
Science;One;Diary of a Citizen Scientist: Chasing Tiger Beetles and Other New Ways of Engaging the World;£28.41;In stock
Science;Four;The Origin of Species;£10.01;In stock
Science;Three;The Grand Design;£13.76;In stock
Science;Two;Peak: Secrets from the New Science of Expertise;£16.28;In stock
Science;Four;The Elegant Universe: Superstrings, Hidden Dimensions, and the Quest for the Ultimate Theory;£13.03;In stock
Science;Five;The Disappearing Spoon: And Other True Tales of Madness, Love, and the History of the World from the Periodic Table of the Elements;£57.35;In stock
Science;Two;Surely You're Joking, Mr. Feynman!: Adventures of a Curious Character;£25.83;In stock
Science;Four;Seven Brief Lessons on Physics;£30.60;In stock
Science;One;The Selfish Gene;£29.45;In stock
Poetry;Three;A Light in the Attic;£51.77;In stock
Poetry;One;The Black Maria;£52.15;In stock
Poetry;Four;Shakespeare's Sonnets;£20.66;In stock
Poetry;One;Olio;£23.88;In stock
Poetry;Two;You can't bury them all: Poems;£33.63;In stock
Poetry;Three;Slow States of Collapse: Poems;£57.31;In stock
Poetry;Four;Untitled Collection: Sabbath Poems 2014;£14.27;In stock
Poetry;Four;Poems That Make Grown Women Cry;£14.19;In stock
Poetry;One;Night Sky with Exit Wounds;£41.05;In stock
Poetry;Four;salt.;£46.78;In stock
Poetry;Five;Quarter Life Poetry: Poems for the Young, Broke and Hangry;£50.89;In stock
Poetry;Five;Out of Print: City Lights Spotlight No. 14;£53.64;In stock
Poetry;Five;Les Fleurs du Mal;£29.04;In stock
Poetry;Two;Howl and Other Poems;£40.45;In stock
Poetry;Five;Leave This Song Behind: Teen Poetry at Its Best;£51.17;In stock
Poetry;Five;The Collected Poems of W.B. Yeats (The Collected Works of W.B. Yeats #1);£15.42;In stock
Poetry;Four;The Crossover;£38.77;In stock
Poetry;Five;Booked;£17.49;In stock
Poetry;Four;Twenty Love Poems and a Song of Despair;£30.95;In stock
Paranormal;One;Vampire Knight, Vol. 1 (Vampire Knight #1);£15.40;In stock
Art;Four;Wall and Piece;£44.18;In stock
Art;Three;Feathers: Displays of Brilliant Plumage;£49.05;In stock
Art;Four;Art and Fear: Observations on the Perils (and Rewards) of Artmaking;£48.63;In stock
Art;Three;The New Drawing on the Right Side of the Brain;£43.02;In stock
Art;Four;History of Beauty;£10.29;In stock
Art;Four;The Story of Art;£41.14;In stock
Art;Two;The Art Book;£32.34;In stock
Art;Five;Ways of Seeing;£39.51;In stock
Psychology;One;The Lucifer Effect: Understanding How Good People Turn Evil;£10.40;In stock
Psychology;One;The Golden Condom: And Other Essays on Love Lost and Found;£39.43;In stock
Psychology;Three;It Didn't Start with You: How Inherited Family Trauma Shapes Who We Are and How to End the Cycle;£56.27;In stock
Psychology;Three;An Unquiet Mind: A Memoir of Moods and Madness;£21.30;In stock
Psychology;One;Thinking, Fast and Slow;£21.14;In stock
Psychology;Two;Civilization and Its Discontents;£59.95;In stock
Psychology;One;8 Keys to Mental Health Through Exercise;£31.04;In stock
Autobiography;Two;The Argonauts;£10.93;In stock
Autobiography;One;M Train;£27.18;In stock
Autobiography;One;Lab Girl;£40.85;In stock
Autobiography;Five;Approval Junkie: Adventures in Caring Too Much;£58.81;In stock
Autobiography;Four;Running with Scissors;£12.91;In stock
Autobiography;Two;Me Talk Pretty One Day;£57.60;In stock
Autobiography;Two;Lust & Wonder;£11.87;In stock
Autobiography;Five;Life Without a Recipe;£59.04;In stock
Autobiography;Five;A Heartbreaking Work of Staggering Genius;£54.29;In stock
Parenting;Two;Catastrophic Happiness: Finding Joy in Childhood's Messy Years;£37.35;In stock
AdultFiction;Five;Fifty Shades Freed (Fifty Shades #3);£15.36;In stock
Humor;One;The Long Haul (Diary of a Wimpy Kid #9);£44.07;In stock
Humor;Five;Old School (Diary of a Wimpy Kid #10);£11.83;In stock
Humor;Four;I Know What I'm Doing -- and Other Lies I Tell Myself: Dispatches from a Life Under Construction;£25.98;In stock
Humor;Five;Hyperbole and a Half: Unfortunate Situations, Flawed Coping Mechanisms, Mayhem, and Other Things That Happened;£14.75;In stock
Humor;Three;Dress Your Family in Corduroy and Denim;£43.68;In stock
Humor;One;Toddlers Are A**holes: It's Not Your Fault;£25.55;In stock
Humor;Five;When You Are Engulfed in Flames;£30.89;In stock
Humor;Three;Naked;£31.69;In stock
Humor;Five;Lamb: The Gospel According to Biff, Christ's Childhood Pal;£55.50;In stock
Humor;Two;Holidays on Ice;£51.07;In stock
Horror;Two;Security;£39.25;In stock
Horror;One;Follow You Home;£21.36;In stock
Horror;One;The Loney;£23.40;In stock
Horror;Three;Pet Sematary;£10.56;In stock
Horror;Two;Doctor Sleep (The Shining #2);£40.12;In stock
Horror;Five;Psycho: Sanitarium (Psycho #1.5);£36.97;In stock
Horror;One;Can You Keep a Secret? (Fear Street Relaunch #4);£48.64;In stock
Horror;Three;Red Dragon (Hannibal Lecter #1);£23.37;In stock
Horror;Five;Dracula the Un-Dead;£35.63;In stock
Horror;Four;Night Shift (Night Shift #1-20);£12.75;In stock
Horror;Four;Needful Things;£47.51;In stock
Horror;Two;Misery;£34.79;In stock
Horror;Three;It;£25.01;In stock
Horror;Four;'Salem's Lot;£49.56;In stock
Horror;Two;The Stand;£57.86;In stock
Horror;Three;The Girl with All the Gifts;£49.47;In stock
Horror;One;House of Leaves;£54.89;In stock
History;Five;Sapiens: A Brief History of Humankind;£54.23;In stock
History;One;Unbound: How Eight Technologies Made Us Human, Transformed Society, and Brought Our World to the Brink;£25.52;In stock
History;One;The Age of Genius: The Seventeenth Century and the Birth of the Modern Mind;£19.73;In stock
History;Two;Political Suicide: Missteps, Peccadilloes, Bad Calls, Backroom Hijinx, Sordid Pasts, Rotten Breaks, and Just Plain Dumb Mistakes in the Annals of American Politics;£36.28;In stock
History;One;Thomas Jefferson and the Tripoli Pirates: The Forgotten War That Changed American History;£59.64;In stock
History;Three;Zealot: The Life and Times of Jesus of Nazareth;£24.70;In stock
History;Three;A Distant Mirror: The Calamitous 14th Century;£14.58;In stock
History;Three;1491: New Revelations of the Americas Before Columbus;£21.80;In stock
History;Three;Brilliant Beacons: A History of the American Lighthouse;£11.45;In stock
History;Five;"""Most Blessed of the Patriarchs"": Thomas Jefferson and the Empire of the Imagination";£44.48;In stock
History;Five;A Short History of Nearly Everything;£52.40;In stock
History;Two;The Rise and Fall of the Third Reich: A History of Nazi Germany;£39.67;In stock
History;Four;Catherine the Great: Portrait of a Woman;£58.55;In stock
History;Five;The Mathews Men: Seven Brothers and the War Against Hitler's U-boats;£42.91;In stock
History;Four;The Hiding Place;£55.91;In stock
History;Two;America's War for the Greater Middle East: A Military History;£51.22;In stock
History;Two;The Guns of August;£14.54;In stock
History;Two;House of Lost Worlds: Dinosaurs, Dynasties, and the Story of Life on Earth;£43.70;In stock
FoodandDrink;Three;Foolproof Preserving: A Guide to Small Batch Jams, Jellies, Pickles, Condiments, and More: A Foolproof Guide to Making Small Batch Jams, Jellies, Pickles, Condiments, and More;£30.52;In stock
FoodandDrink;One;The Pioneer Woman Cooks: Dinnertime: Comfort Classics, Freezer Food, 16-Minute Meals, and Other Delicious Ways to Solve Supper!;£56.41;In stock
FoodandDrink;Two;My Paris Kitchen: Recipes and Stories;£33.37;In stock
FoodandDrink;Four;Mama Tried: Traditional Italian Cooking for the Screwed, Crude, Vegan, and Tattooed;£14.02;In stock
FoodandDrink;One;Layered: Baking, Building, and Styling Spectacular Cakes;£40.11;In stock
FoodandDrink;Five;The Nerdy Nummies Cookbook: Sweet Treats for the Geek in All of Us;£37.34;In stock
FoodandDrink;Two;The Love and Lemons Cookbook: An Apple-to-Zucchini Celebration of Impromptu Cooking;£37.60;In stock
FoodandDrink;One;The Cookies & Cups Cookbook: 125+ sweet & savory recipes reminding you to Always Eat Dessert First;£41.25;In stock
FoodandDrink;Three;Deliciously Ella Every Day: Quick and Easy Recipes for Gluten-Free Snacks, Packed Lunches, and Simple Meals;£42.16;In stock
FoodandDrink;Three;The Help Yourself Cookbook for Kids: 60 Easy Plant-Based Recipes Kids Can Make to Stay Healthy and Save the Earth;£28.77;In stock
FoodandDrink;One;It's All Easy: Healthy, Delicious Weeknight Meals in under 30 Minutes;£19.55;In stock
FoodandDrink;One;Barefoot Contessa Back to Basics;£28.01;In stock
FoodandDrink;Five;Barefoot Contessa at Home: Everyday Recipes You'll Make Over and Over Again;£50.62;In stock
FoodandDrink;Two;My Kitchen Year: 136 Recipes That Saved My Life;£11.53;In stock
FoodandDrink;Five;Everyday Italian: 125 Simple and Delicious Recipes;£20.10;In stock
FoodandDrink;One;A la Mode: 120 Recipes in 60 Pairings: Pies, Tarts, Cakes, Crisps, and More Topped with Ice Cream, Gelato, Frozen Custard, and More;£38.77;In stock
FoodandDrink;Three;Cravings: Recipes for What You Want to Eat;£20.50;In stock
FoodandDrink;Four;The Moosewood Cookbook: Recipes from Moosewood Restaurant, Ithaca, New York;£12.34;In stock
FoodandDrink;Two;32 Yolks;£53.63;In stock
FoodandDrink;Five;Naturally Lean: 125 Nourishing Gluten-Free, Plant-Based Recipes--All Under 300 Calories;£11.38;In stock
FoodandDrink;Four;How to Cook Everything Vegetarian: Simple Meatless Recipes for Great Food (How to Cook Everything);£46.01;In stock
FoodandDrink;Two;How to Be a Domestic Goddess: Baking and the Art of Comfort Cooking;£28.25;In stock
FoodandDrink;Five;The Barefoot Contessa Cookbook;£59.92;In stock
FoodandDrink;Three;Better Homes and Gardens New Cook Book;£39.61;In stock
FoodandDrink;Five;The Power Greens Cookbook: 140 Delicious Superfood Recipes;£11.05;In stock
FoodandDrink;Five;Mexican Today: New and Rediscovered Recipes for Contemporary Kitchens;£24.91;In stock
FoodandDrink;Two;Vegan Vegetarian Omnivore: Dinner for Everyone at the Table;£13.66;In stock
FoodandDrink;One;The Smitten Kitchen Cookbook;£23.59;In stock
FoodandDrink;Three;The Art of Simple Food: Notes, Lessons, and Recipes from a Delicious Revolution;£34.32;In stock
FoodandDrink;Three;Hungry Girl Clean & Hungry: Easy All-Natural Recipes for Healthy Eating in the Real World;£33.14;In stock
ChristianFiction;Five;Redeeming Love;£20.47;In stock
ChristianFiction;Four;Close to You;£49.46;In stock
ChristianFiction;Five;Shadows of the Past (Logan Point #1);£39.67;In stock
ChristianFiction;Two;Like Never Before (Walker Family #2);£28.77;In stock
ChristianFiction;Five;Counted With the Stars (Out from Egypt #1);£17.97;In stock
ChristianFiction;Four;If I Run (If I Run #1);£49.97;In stock
Business;Four;The Dirty Little Secrets of Getting Your Dream Job;£33.34;In stock
Business;Five;The Third Wave: An Entrepreneur’s Vision of the Future;£12.61;In stock
Business;Three;The 10% Entrepreneur: Live Your Startup Dream Without Quitting Your Day Job;£27.55;In stock
Business;Two;Shoe Dog: A Memoir by the Creator of NIKE;£23.99;In stock
Business;Five;Made to Stick: Why Some Ideas Survive and Others Die;£38.85;In stock
Business;One;Quench Your Own Thirst: Business Lessons Learned Over a Beer or Two;£43.14;In stock
Business;Three;The Art of Startup Fundraising;£21.00;In stock
Business;Five;Born for This: How to Find the Work You Were Meant to Do;£21.59;In stock
Business;One;The E-Myth Revisited: Why Most Small Businesses Don't Work and What to Do About It;£36.91;In stock
Business;One;Rich Dad, Poor Dad;£51.74;In stock
Business;Three;The Lean Startup: How Today's Entrepreneurs Use Continuous Innovation to Create Radically Successful Businesses;£33.92;In stock
Business;Two;Rework;£44.88;In stock
Biography;Two;Louisa: The Extraordinary Life of Mrs. Adams;£16.85;In stock
Biography;Two;Setting the World on Fire: The Brief, Astonishing Life of St. Catherine of Siena;£21.15;In stock
Biography;One;The Faith of Christopher Hitchens: The Restless Soul of the World's Most Notorious Atheist;£39.55;In stock
Biography;Three;Benjamin Franklin: An American Life;£48.19;In stock
Biography;Three;The Rise of Theodore Roosevelt (Theodore Roosevelt #1);£42.57;In stock
Thriller;One;In Her Wake;£12.84;In stock
Thriller;Five;The Elephant Tree;£23.82;In stock
Thriller;Four;Behind Closed Doors;£52.22;In stock
Thriller;Five;You (You #1);£43.61;In stock
Thriller;Two;The Guilty (Will Robie #4);£13.82;In stock
Thriller;One;The 14th Colony (Cotton Malone #11);£39.24;In stock
Thriller;Two;Give It Back;£18.32;In stock
Thriller;Four;Killing Floor (Jack Reacher #1);£31.49;In stock
Thriller;Three;The Bone Hunters (Lexy Vaughan & Steven Macaulay #2);£59.71;In stock
Thriller;Two;Far From True (Promise Falls Trilogy #2);£34.93;In stock
Thriller;One;The Travelers;£15.77;In stock
Contemporary;One;When We Collided;£31.77;In stock
Contemporary;Five;Someone Like You (The Harrisons #2);£52.79;In stock
Contemporary;One;We Are All Completely Beside Ourselves;£24.04;In stock
Spirituality;Five;The Four Agreements: A Practical Guide to Personal Freedom;£17.66;In stock
Spirituality;Five;The Activist's Tao Te Ching: Ancient Advice for a Modern Revolution;£32.24;In stock
Spirituality;Two;Chasing Heaven: What Dying Taught Me About Living;£37.80;In stock
Spirituality;One;If I Gave You God's Phone Number....: Searching for Spirituality in America;£20.91;In stock
Spirituality;Two;Unreasonable Hope: Finding Faith in the God Who Brings Purpose to Your Pain;£46.33;In stock
Spirituality;Five;A New Earth: Awakening to Your Life's Purpose;£55.65;In stock
Academic;Two;Logan Kade (Fallen Crest High #5.5);£13.12;In stock
SelfHelp;One;Online Marketing for Busy Authors: A Step-By-Step Guide;£46.35;In stock
SelfHelp;One;How to Be Miserable: 40 Strategies You Already Use;£46.03;In stock
SelfHelp;Three;Overload: How to Unplug, Unwind, and Unleash Yourself from the Pressure of Stress;£52.15;In stock
SelfHelp;Three;You Are a Badass: How to Stop Doubting Your Greatness and Start Living an Awesome Life;£12.08;In stock
SelfHelp;Five;How to Stop Worrying and Start Living;£46.49;In stock
Historical;Five;All the Light We Cannot See;£29.87;In stock
Historical;One;The Girl You Left Behind (The Girl You Left Behind #1);£15.79;In stock
Christian;Five;(Un)Qualified: How God Uses Broken People to Do Big Things;£54.00;In stock
Christian;Two;Crazy Love: Overwhelmed by a Relentless God;£47.72;In stock
Christian;One;Blue Like Jazz: Nonreligious Thoughts on Christian Spirituality;£25.77;In stock
Suspense;Three;Silence in the Dark (Logan Point #4);£58.33;In stock
ShortStories;One;The Grownup;£35.88;In stock
Novels;Five;Suzie Snowflake: One beautiful flake (a self-esteem story);£54.81;In stock
Health;Three;The Bulletproof Diet: Lose up to a Pound a Day, Reclaim Energy and Focus, Upgrade Your Life;£49.05;In stock
Health;Two;Eat Fat, Get Thin;£54.07;In stock
Health;Five;10-Day Green Smoothie Cleanse: Lose Up to 15 Pounds in 10 Days!;£49.71;In stock
Health;Five;The Art and Science of Low Carbohydrate Living;£52.98;In stock
Politics;Two;Libertarianism for Beginners;£51.33;In stock
Politics;Four;Why the Right Went Wrong: Conservatism--From Goldwater to the Tea Party and Beyond;£52.65;In stock
Politics;One;Equal Is Unfair: America's Misguided Fight Against Income Inequality;£56.86;In stock
Cultural;One;Amid the Chaos;£36.58;In stock
Erotica;Five;Dark Notes;£19.19;In stock
Crime;One;The Long Shadow of Small Ghosts: Murder and Memory in an American City;£10.97;In stock
